{
    "description": "DO NOT DELETE THIS FILE. This file is used to keep track of which files have been synced in the most recent deployment. If you delete this file a resync will need to be done (which can take a while) - read more: https://github.com/SamKirkland/FTP-Deploy-Action",
    "version": "1.0.0",
    "generatedTime": 1678965460043,
    "data": [
        {
            "type": "file",
            "name": ".cpanel.yml",
            "size": 133,
            "hash": "4f6437c60e216cd2f4e617e02e6794d7ae05de301097fa68bc933983f0211a60"
        },
        {
            "type": "file",
            "name": ".htaccess",
            "size": 100,
            "hash": "0d14c7918f04eae8b17c5bf0b3d137bec2c31caf5882039bb1d51bcdefe45b36"
        },
        {
            "type": "folder",
            "name": "api"
        },
        {
            "type": "folder",
            "name": "events"
        },
        {
            "type": "folder",
            "name": "funding"
        },
        {
            "type": "folder",
            "name": "gfa-max"
        },
        {
            "type": "folder",
            "name": "includes"
        },
        {
            "type": "file",
            "name": "index.php",
            "size": 51306,
            "hash": "17f3c892854aea60707614443514693d28e99edfb788c345cd5da1af87c1ed50"
        },
        {
            "type": "folder",
            "name": "insight"
        },
        {
            "type": "folder",
            "name": "learning"
        },
        {
            "type": "folder",
            "name": "investors"
        },
        {
            "type": "folder",
            "name": "news"
        },
        {
            "type": "folder",
            "name": "operations"
        },
        {
            "type": "folder",
            "name": "partnership"
        },
        {
            "type": "folder",
            "name": "api/v0"
        },
        {
            "type": "file",
            "name": "events/index.php",
            "size": 105,
            "hash": "2207f2886fd591a2c7fbb1f04cbd5d05a6b968cc94be39f83881d6ee3d619f38"
        },
        {
            "type": "file",
            "name": "funding/index.php",
            "size": 106,
            "hash": "30591a2dbcec0775881fe095aa810a7e01bd5eb31351460ea84345e8a4c0b64a"
        },
        {
            "type": "file",
            "name": "gfa-max/index.php",
            "size": 106,
            "hash": "8e38b73e2358105b8592b7bf755f6f0970c1acd2436cf89334dbf7a3ffffe30a"
        },
        {
            "type": "file",
            "name": "includes/head.php",
            "size": 4001,
            "hash": "c3f9828b8600a9d953a24ed44c0ee02a025ebd3e3fbd1c666d0cfe4d5161e7ee"
        },
        {
            "type": "file",
            "name": "includes/scripts.php",
            "size": 1756,
            "hash": "c40ac4e841dca294f5779eab839edf995aae5ee9cb5e032a906ba7df799fdf21"
        },
        {
            "type": "file",
            "name": "insight/index.php",
            "size": 106,
            "hash": "48114c5670aac308444a765b883b6a28a9facbe9b676d149162371cf26e0c130"
        },
        {
            "type": "file",
            "name": "learning/index.php",
            "size": 107,
            "hash": "9f4995bc9c07559b3ba6f82a4507fdaa06fd5878df9ec6d7330585a3197c1ede"
        },
        {
            "type": "file",
            "name": "investors/index.php",
            "size": 108,
            "hash": "16ab65aedb94e41236c4a5351d2563b2de63e7fb7b787ae7a0c7bb1a605dc2ec"
        },
        {
            "type": "file",
            "name": "news/index.php",
            "size": 103,
            "hash": "dab7d2acdaa4c4b2ae607841fac563046024e85e9a42e95c128621821a17a1c3"
        },
        {
            "type": "file",
            "name": "operations/index.php",
            "size": 109,
            "hash": "64a995c3f226d38142cfc9bd006dd0681928f8fea8323ec00b976f2d0d3df5bd"
        },
        {
            "type": "file",
            "name": "partnership/index.php",
            "size": 115,
            "hash": "1e4221be1e0ce9af8d6f847e77ce4d58fb395c56abfa4877c9bef3cc2803e3f6"
        },
        {
            "type": "folder",
            "name": "api/v0/js"
        },
        {
            "type": "folder",
            "name": "api/v0/php"
        },
        {
            "type": "file",
            "name": "api/v0/js/core.js",
            "size": 134481,
            "hash": "7be6bbf79188b2da507e1eb6e45a1a8c4b0e84bfa4be7df1dbb8f346e7174227"
        },
        {
            "type": "folder",
            "name": "api/v0/php/PHPMailer"
        },
        {
            "type": "file",
            "name": "api/v0/php/checkAllReg.php",
            "size": 10226,
            "hash": "6c69018893f8060f8820a64120f425726a639014e668603786e32e26b6e98283"
        },
        {
            "type": "file",
            "name": "api/v0/php/checkEmailAcc.php",
            "size": 699,
            "hash": "e6c98814abfd0b2b4864fc4613fcaec94c3627cfa14b2b09876a2f830151712a"
        },
        {
            "type": "file",
            "name": "api/v0/php/checkEmailOrg.php",
            "size": 723,
            "hash": "69f0a7066e11e1d47ad4acfa6d9f7ee9b91a33ad4cbca7bc7b3902c79d529887"
        },
        {
            "type": "file",
            "name": "api/v0/php/checkemail.php",
            "size": 691,
            "hash": "be68f0bf924b88589e18f248ee780b5488a2cb6b3825aea63b23b8d34f97648e"
        },
        {
            "type": "file",
            "name": "api/v0/php/checkemailInv.php",
            "size": 696,
            "hash": "330f15af7f2d872dc253d9daa053a93dba5fe4fdd4d18f85c431716bf7f43edd"
        },
        {
            "type": "file",
            "name": "api/v0/php/corporates.php",
            "size": 0,
            "hash": "e3b0c44298fc1c149afbf4c8996fb92427ae41e4649b934ca495991b7852b855"
        },
        {
            "type": "file",
            "name": "api/v0/php/error_log",
            "size": 2640,
            "hash": "e45a13fe6a00a1c4dcbb71a2618351647dcd2d10cc3771f2039bece1734c8e6c"
        },
        {
            "type": "file",
            "name": "api/v0/php/final-incubators.php",
            "size": 3852,
            "hash": "daf27286646cda15f7196b3b232d7f31efd110dedd2681511022639522c009e9"
        },
        {
            "type": "file",
            "name": "api/v0/php/functions.php",
            "size": 12,
            "hash": "fd7d4f612151d1b150605596fd5f7cdfb6eb69da78c7a3ea9e292123e509bf68"
        },
        {
            "type": "file",
            "name": "api/v0/php/governments-form.php",
            "size": 48998,
            "hash": "3d9c44202076b3ee27cd0eb2f6920e48e27e74253b61ec8ad1b8b050fc70862f"
        },
        {
            "type": "file",
            "name": "api/v0/php/governments.php",
            "size": 4033,
            "hash": "5211d3b5ac5609e42b1a420abe61254bd097cca6fd64b3c8f8e140459dc8037d"
        },
        {
            "type": "file",
            "name": "api/v0/php/incubators-form.php",
            "size": 43800,
            "hash": "4bdead6a6b75b93a7ee5234171530855eff1b84abcc59d63613f1240b3df375d"
        },
        {
            "type": "file",
            "name": "api/v0/php/incubators.php",
            "size": 4041,
            "hash": "0106ef7340c769916c55594cb002f56209aeed0a7e790824250b086b62055f35"
        },
        {
            "type": "file",
            "name": "api/v0/php/individuals.php",
            "size": 164088,
            "hash": "936c35c021e27ec0af8fa5949b6a25ee5cfe4b46fd5cbaa3b9adaaee311b8398"
        },
        {
            "type": "file",
            "name": "api/v0/php/investors-final.php",
            "size": 50466,
            "hash": "3176f862a4e5936fca191bce231f266d342c06ca7ce7c1a04d8db8ce398076ff"
        },
        {
            "type": "file",
            "name": "api/v0/php/investors.php",
            "size": 4078,
            "hash": "64a87f63370b9204c3b6e89cbcaf41acc4cc17a27958973b11932deb13b7c05d"
        },
        {
            "type": "file",
            "name": "api/v0/php/mentorships-form.php",
            "size": 53876,
            "hash": "8c9c32737367f2a46f2279f50d41d3baf4dc3186606e8f8d04c5c58c141628cc"
        },
        {
            "type": "file",
            "name": "api/v0/php/mentorships.php",
            "size": 3365,
            "hash": "481f569313b2b87f747fd8ef2107e4b63349873d3f46d43d2f9429cef65e0016"
        },
        {
            "type": "file",
            "name": "api/v0/php/onboardingAccPro.php",
            "size": 7029,
            "hash": "c1292d813ab9f9518742cad22d557480186a84c83f6ae2e2b9e6c5daf4342c34"
        },
        {
            "type": "file",
            "name": "api/v0/php/onboardingInvPro.php",
            "size": 7567,
            "hash": "43eb563118af3a206b80934c0e6b74d44efdfdeb2672b04d99f689749059df77"
        },
        {
            "type": "file",
            "name": "api/v0/php/onboardingOrgPro.php",
            "size": 6906,
            "hash": "96674f35b561b81c7c9c6ec595def7cc424691fad1ea22fec9675e59d7b2a377"
        },
        {
            "type": "file",
            "name": "api/v0/php/onboardingRegGrowth.php",
            "size": 19632,
            "hash": "63012c3d0055b384495d5615c4968193077b848048f20334c05a7e8012be5dff"
        },
        {
            "type": "file",
            "name": "api/v0/php/onboardingRegInsight.php",
            "size": 19666,
            "hash": "20b1e9903bc4460ef1aa8c017b51156d2c401f2c672323ff264ab20b548e8fcd"
        },
        {
            "type": "file",
            "name": "api/v0/php/onboardingRegMentor.php",
            "size": 7740,
            "hash": "973efa9c95bc525e0e8922e44f9679639b15f2d33f6e6c29a16f9b81bbc39c1f"
        },
        {
            "type": "file",
            "name": "api/v0/php/onboardingRegNews.php",
            "size": 13851,
            "hash": "55689735242190f280d46372847a6051490695e68b99dbbcdedb1eb0c1890989"
        },
        {
            "type": "file",
            "name": "api/v0/php/onboardingpro.php",
            "size": 85754,
            "hash": "7518906fb9d9ad02f5211e56c6e49433edc30a6ca16176d86e2e6f0d39113f58"
        },
        {
            "type": "file",
            "name": "api/v0/php/organisations.php",
            "size": 23715,
            "hash": "07b13bd52336a198ea4304b20b534f5e2307c72864d1b6d5c2baf74e62673dcc"
        },
        {
            "type": "file",
            "name": "api/v0/php/startup-development.php",
            "size": 218016,
            "hash": "ea5b5b6829e83111bf2f191a44935e768f87d14c9c9e417c855fff8d73a36106"
        },
        {
            "type": "file",
            "name": "api/v0/php/startup-discovery.php",
            "size": 202776,
            "hash": "9c1db4eeb701ae4befa9af57fac36afc3d68fb63a14a3ab6b8df31cd5a52a15c"
        },
        {
            "type": "file",
            "name": "api/v0/php/startup-growth.php",
            "size": 218074,
            "hash": "b69d8928e47fe090bbcde557ff3e65e90b55e932f0b922ab3582900d8938dbc4"
        },
        {
            "type": "file",
            "name": "api/v0/php/startup-idea.php",
            "size": 217955,
            "hash": "3ff77c922b2b2a7f2e19d799d406a0e676a16ef4a080a8644d88783e9a4230c3"
        },
        {
            "type": "file",
            "name": "api/v0/php/startup-post-launch.php",
            "size": 212302,
            "hash": "84dfbd948d9a5a8ab5342a2c57885c0dba9b566a5e5f96d00d1e8d4924138e4e"
        },
        {
            "type": "file",
            "name": "api/v0/php/startup-pre-launch.php",
            "size": 218233,
            "hash": "8fc7008bb13b148c1254fbbec1673f20e6a581e6d5539e1feb28d5c0721d7eb7"
        },
        {
            "type": "file",
            "name": "api/v0/php/startups.php",
            "size": 25705,
            "hash": "00b90d51ae0221def166b6c8035fd7cc0ba2b17bfec52921502cc209e055fb1f"
        },
        {
            "type": "file",
            "name": "api/v0/php/test.php",
            "size": 666,
            "hash": "2ed503ff604409a7d4fec20f7c9e2f39e09057150c3c838d627131647c44125f"
        },
        {
            "type": "file",
            "name": "api/v0/php/PHPMailer/LICENSE",
            "size": 26421,
            "hash": "d0d3fa8b53944c18c36bf4955eeb7b8f386873e62d4391697c7e344d41620118"
        },
        {
            "type": "file",
            "name": "api/v0/php/PHPMailer/VERSION",
            "size": 7,
            "hash": "375e02d39b4a40f4a1d16f53170c74d7a7081c3990fb4cdf9514d2de09643eff"
        },
        {
            "type": "file",
            "name": "api/v0/php/PHPMailer/PHPMailerAutoload.php",
            "size": 1700,
            "hash": "8f0794f41f947cd89942e946407830492f8b2826733c1e7e500eb4bd3ed73711"
        },
        {
            "type": "file",
            "name": "api/v0/php/PHPMailer/class.phpmailer.php",
            "size": 146712,
            "hash": "327117c22033cd78e547f9764777e83e0580f4801fe3918d7082419530fba74a"
        },
        {
            "type": "file",
            "name": "api/v0/php/PHPMailer/class.phpmaileroauth.php",
            "size": 7216,
            "hash": "d04b40e846437ae19c8d32f67faef71a77e05454fa286ccb6e68b6ddd9af13be"
        },
        {
            "type": "file",
            "name": "api/v0/php/PHPMailer/class.phpmaileroauthgoogle.php",
            "size": 2464,
            "hash": "f799b1e8be6e9be8967d263b01d20bb68d9ddc63376c54d1338277e09421ef38"
        },
        {
            "type": "file",
            "name": "api/v0/php/PHPMailer/class.pop3.php",
            "size": 11006,
            "hash": "a8a9e3e10f19f4c9f8648a15ec4b9776a83a056ea7062eb5a750cf971fc3a046"
        },
        {
            "type": "file",
            "name": "api/v0/php/PHPMailer/class.smtp.php",
            "size": 42734,
            "hash": "c6622419613f83cd9778f56afe6a30725b26ea13fd64538b5fbbdf13ceb3c4f3"
        },
        {
            "type": "file",
            "name": "api/v0/php/PHPMailer/composer.json",
            "size": 1885,
            "hash": "c94196fbcf8db2ce8fc72cfb97688aa70e26e50c55c3087a526b6177f62eef68"
        },
        {
            "type": "file",
            "name": "api/v0/php/PHPMailer/composer.lock",
            "size": 128969,
            "hash": "5fe415bb9d43df8e1acf4e1a4f813e222a0294b57c7c26d8f9512610f6d48219"
        },
        {
            "type": "folder",
            "name": "api/v0/php/PHPMailer/examples"
        },
        {
            "type": "folder",
            "name": "api/v0/php/PHPMailer/extras"
        },
        {
            "type": "file",
            "name": "api/v0/php/PHPMailer/get_oauth_token.php",
            "size": 5036,
            "hash": "4234a653f4fd37e786dad84ebc74c100166c60933ba9f5b45e2a2d816d77ba19"
        },
        {
            "type": "folder",
            "name": "api/v0/php/PHPMailer/language"
        },
        {
            "type": "file",
            "name": "api/v0/php/PHPMailer/examples/DKIM.phps",
            "size": 1336,
            "hash": "f407f509211b46a12be844b473172cca585ab655b561fcaf2dd97d1ea0da1935"
        },
        {
            "type": "file",
            "name": "api/v0/php/PHPMailer/examples/code_generator.phps",
            "size": 27463,
            "hash": "1936827b5f2889ce96f7873aa7498d79cb9b71bef5c06eb06e8f6267d566c6aa"
        },
        {
            "type": "file",
            "name": "api/v0/php/PHPMailer/examples/contactform.phps",
            "size": 2461,
            "hash": "fed4f983075216b47dd4d62dca715dc35d6c03b8ba5d0c84567c837b9a8352bd"
        },
        {
            "type": "file",
            "name": "api/v0/php/PHPMailer/examples/contents.html",
            "size": 645,
            "hash": "0e30c0ca8cfc422e14df688bb3d5d99de0828cf69c7b8fbce79357f12adfcd25"
        },
        {
            "type": "file",
            "name": "api/v0/php/PHPMailer/examples/contentsutf8.html",
            "size": 908,
            "hash": "e0be84654d89ac6494b0b506a4be39c346198266a258273b2f23dd3844050420"
        },
        {
            "type": "file",
            "name": "api/v0/php/PHPMailer/examples/exceptions.phps",
            "size": 1482,
            "hash": "dc734cbc92bb64c5566db4e34068d6086416e2ff927eae6b6647fc3a3bec5802"
        },
        {
            "type": "file",
            "name": "api/v0/php/PHPMailer/examples/gmail.phps",
            "size": 2165,
            "hash": "81c19ac2827e40351e775c8d7f78cf981622d242b187f85b16296e0053b13e09"
        },
        {
            "type": "file",
            "name": "api/v0/php/PHPMailer/examples/gmail_xoauth.phps",
            "size": 2677,
            "hash": "8b6b287a920b0fbfca835fe10776011c2949ffb64d339bd0308cdb4e254707e0"
        },
        {
            "type": "folder",
            "name": "api/v0/php/PHPMailer/examples/images"
        },
        {
            "type": "file",
            "name": "api/v0/php/PHPMailer/examples/index.html",
            "size": 6289,
            "hash": "895e29fe77b240b4661a71c5720370ba64c09de377cdf2570dd33e14ef135c06"
        },
        {
            "type": "file",
            "name": "api/v0/php/PHPMailer/examples/mail.phps",
            "size": 1063,
            "hash": "fb61e855204313f1b4d98ef5128929a9c7b15a43958f1d5e7b337c69c566b310"
        },
        {
            "type": "file",
            "name": "api/v0/php/PHPMailer/examples/mailing_list.phps",
            "size": 2297,
            "hash": "f4035885121b9b997be93959c7882d60d75985c909088bdec604e61ac6b5b422"
        },
        {
            "type": "file",
            "name": "api/v0/php/PHPMailer/examples/pop_before_smtp.phps",
            "size": 2196,
            "hash": "e717d897d106d2e134edee533c5db29117853ea00604e327ac161f5d191d320e"
        },
        {
            "type": "folder",
            "name": "api/v0/php/PHPMailer/examples/scripts"
        },
        {
            "type": "file",
            "name": "api/v0/php/PHPMailer/examples/send_file_upload.phps",
            "size": 1683,
            "hash": "2c9e1266b16da7d7908c3e3c7b90963802de016f6d17d74d23ee25af3586cc89"
        },
        {
            "type": "file",
            "name": "api/v0/php/PHPMailer/examples/send_multiple_file_upload.phps",
            "size": 1604,
            "hash": "10235057b169d68bfa8804e2490a7d8b7f82f6995319a1380101bd8244bca0dd"
        },
        {
            "type": "file",
            "name": "api/v0/php/PHPMailer/examples/sendmail.phps",
            "size": 1135,
            "hash": "3d58938e3389eaa678021335bb466cc740aa175409455bf39277af6a4c17b20d"
        },
        {
            "type": "file",
            "name": "api/v0/php/PHPMailer/examples/signed-mail.phps",
            "size": 4203,
            "hash": "c31f46ad56eb31fb9d52dfea25063c6e25c4822821d3a0c1c206003f3c85d3ca"
        },
        {
            "type": "file",
            "name": "api/v0/php/PHPMailer/examples/smtp.phps",
            "size": 1875,
            "hash": "5820f2934147f229fd54d67247bd425def636b2e641e08d370500901a1c30444"
        },
        {
            "type": "file",
            "name": "api/v0/php/PHPMailer/examples/smtp_check.phps",
            "size": 1939,
            "hash": "0b46d5ce01d8123d3ff0129c1078003dc90135e9089d12daa0b6f85ffd3a8dc5"
        },
        {
            "type": "file",
            "name": "api/v0/php/PHPMailer/examples/smtp_no_auth.phps",
            "size": 1743,
            "hash": "e02b53ccfd33863e6257242303e17d323cfb0f56ae84980b6f67f48d38cc2eb6"
        },
        {
            "type": "file",
            "name": "api/v0/php/PHPMailer/examples/ssl_options.phps",
            "size": 2076,
            "hash": "2b7b264188e143dbfeef6fb534dc83a15ca26865427189ec97b21a00c3e8a616"
        },
        {
            "type": "folder",
            "name": "api/v0/php/PHPMailer/examples/styles"
        },
        {
            "type": "file",
            "name": "api/v0/php/PHPMailer/extras/EasyPeasyICS.php",
            "size": 4062,
            "hash": "9df8e02d80bd50b41b9e07bfc92a08d1d781b78170797ba2d2c4cf4dd18fe5a8"
        },
        {
            "type": "file",
            "name": "api/v0/php/PHPMailer/extras/README.md",
            "size": 1636,
            "hash": "17e6e267d99a18be9ab8cd95f6faabb16f81e7ef649237dbc9edd23d350b0a47"
        },
        {
            "type": "file",
            "name": "api/v0/php/PHPMailer/extras/htmlfilter.php",
            "size": 39267,
            "hash": "1c43718e8625b8df7b40427c812ea944e825da70ad206c4bd1102eeac1f67357"
        },
        {
            "type": "file",
            "name": "api/v0/php/PHPMailer/extras/ntlm_sasl_client.php",
            "size": 6651,
            "hash": "0730cf958e5d604f49f41e79e65b0572931708a9cc4c4b2aed6fa8fac972d998"
        },
        {
            "type": "file",
            "name": "api/v0/php/PHPMailer/language/phpmailer.lang-am.php",
            "size": 2185,
            "hash": "175bc2a26d122dc7a816a599089f30d1e8ba687e0120eade018d6882fdc8b60d"
        },
        {
            "type": "file",
            "name": "api/v0/php/PHPMailer/language/phpmailer.lang-ar.php",
            "size": 2055,
            "hash": "14336005879bedbd700c7ee00bf011debb0b3c4f0a92a29b28a5d47691a103f3"
        },
        {
            "type": "file",
            "name": "api/v0/php/PHPMailer/language/phpmailer.lang-az.php",
            "size": 1748,
            "hash": "cb340ee10881eb87cff032cf834fe34f2223150cffcee4e120eca368cced724f"
        },
        {
            "type": "file",
            "name": "api/v0/php/PHPMailer/language/phpmailer.lang-be.php",
            "size": 2177,
            "hash": "d4fc013fcf017a1676ea90f522d6083af5116b3fbca5e5721ec4f396804528a3"
        },
        {
            "type": "file",
            "name": "api/v0/php/PHPMailer/language/phpmailer.lang-bg.php",
            "size": 2195,
            "hash": "b62f2e65983d1fd9b26b443e0f65c34926055f627315f1164aaa70cf2802c8ce"
        },
        {
            "type": "file",
            "name": "api/v0/php/PHPMailer/language/phpmailer.lang-ca.php",
            "size": 1729,
            "hash": "a69aec7cba1c4fcd983ef323e3e09ee4c4c107466b2853eb8dfe4884fff221fb"
        },
        {
            "type": "file",
            "name": "api/v0/php/PHPMailer/language/phpmailer.lang-ch.php",
            "size": 1613,
            "hash": "de1854eaa59e624c5909f3a98249e0ff6220b5c35a5f2793f9b210938c4b9afe"
        },
        {
            "type": "file",
            "name": "api/v0/php/PHPMailer/language/phpmailer.lang-cs.php",
            "size": 1646,
            "hash": "934bf7823dfb3fd1f085ff15b8e246307bbd3fb9fe3d3f4b07087afd0df59ecd"
        },
        {
            "type": "file",
            "name": "api/v0/php/PHPMailer/language/phpmailer.lang-da.php",
            "size": 1611,
            "hash": "83c320c660c97d8589c014579b725ec259990f24c68ca3ab972581a0adacdb27"
        },
        {
            "type": "file",
            "name": "api/v0/php/PHPMailer/language/phpmailer.lang-de.php",
            "size": 1750,
            "hash": "bd4e30aec14f04e3a5c6e90bfbb646bf45634365a44712c3f8c15bfcb67ca5e8"
        },
        {
            "type": "file",
            "name": "api/v0/php/PHPMailer/language/phpmailer.lang-el.php",
            "size": 2294,
            "hash": "7a3516c3e15603404545feac9882fe063a878cf7cd720979af015571324d42e2"
        },
        {
            "type": "file",
            "name": "api/v0/php/PHPMailer/language/phpmailer.lang-eo.php",
            "size": 1670,
            "hash": "f270093a0ce6fdb42c68622b623b172cbede3e7c51a46b4b5ddd51c9d76092ef"
        },
        {
            "type": "file",
            "name": "api/v0/php/PHPMailer/language/phpmailer.lang-es.php",
            "size": 1722,
            "hash": "d9215a5c2356b78b8cf5b5da455e7278f202559d0b0c7347f905c743ab70ea95"
        },
        {
            "type": "file",
            "name": "api/v0/php/PHPMailer/language/phpmailer.lang-et.php",
            "size": 1743,
            "hash": "0c75b8f2d7de4f7e24f338f2c40c9fda79cd040d827d27ed7c23128724252f69"
        },
        {
            "type": "file",
            "name": "api/v0/php/PHPMailer/language/phpmailer.lang-fa.php",
            "size": 2065,
            "hash": "9848091315d0ede1e98c1a3634035eee77b285131e98e2b92d7997252c76e188"
        },
        {
            "type": "file",
            "name": "api/v0/php/PHPMailer/language/phpmailer.lang-fi.php",
            "size": 1730,
            "hash": "5c0297d167aa9feebea8863cbc7430b00f275345fa76d1440b7a37122c6aa472"
        },
        {
            "type": "file",
            "name": "api/v0/php/PHPMailer/language/phpmailer.lang-fo.php",
            "size": 1636,
            "hash": "b7b344b5f9162563c6350acea7c4707080e54ee93874e096d28c451cc76c921f"
        },
        {
            "type": "file",
            "name": "api/v0/php/PHPMailer/language/phpmailer.lang-fr.php",
            "size": 2005,
            "hash": "4619afa492f6d3a5a24f752a2c92d7a92842090add3039f191b468c20114c3c4"
        },
        {
            "type": "file",
            "name": "api/v0/php/PHPMailer/language/phpmailer.lang-gl.php",
            "size": 1741,
            "hash": "e53b2a2081ba211c431dde5b786ca983c18c52b77756feca3c00cc6febb8f3fd"
        },
        {
            "type": "file",
            "name": "api/v0/php/PHPMailer/language/phpmailer.lang-he.php",
            "size": 1811,
            "hash": "bb922f53509bae7d077197866b3540776b4b7845c438585348d3c9516c9d538d"
        },
        {
            "type": "file",
            "name": "api/v0/php/PHPMailer/language/phpmailer.lang-hr.php",
            "size": 1753,
            "hash": "aca1545262317d6e1e0a5876e69f4dd60a867851fd92fd9b523bfa01a70eeda1"
        },
        {
            "type": "file",
            "name": "api/v0/php/PHPMailer/language/phpmailer.lang-hu.php",
            "size": 1713,
            "hash": "a3a69c373bc2b5b31946df9c01a9514d70731207769cb4558f6d860d73d81c8e"
        },
        {
            "type": "file",
            "name": "api/v0/php/PHPMailer/language/phpmailer.lang-id.php",
            "size": 1754,
            "hash": "7dd2d733756fdcb6bff530d132f24d88ac5bc2866de99063d020720ca66aca5c"
        },
        {
            "type": "file",
            "name": "api/v0/php/PHPMailer/language/phpmailer.lang-it.php",
            "size": 1818,
            "hash": "0491b5616bd2523ff40d5a070a93045f84dd4f0cab886adda378bbccea9dfb94"
        },
        {
            "type": "file",
            "name": "api/v0/php/PHPMailer/language/phpmailer.lang-ja.php",
            "size": 1924,
            "hash": "44be0d995fe9475f0a5a8df8e94a04e4ff7445c23ad0e48e728bd9676f9b2b25"
        },
        {
            "type": "file",
            "name": "api/v0/php/PHPMailer/language/phpmailer.lang-ka.php",
            "size": 2883,
            "hash": "cba545d43842ca24777c15fc4131994f835b1ad2f8e88aa41a5b600150cd6d73"
        },
        {
            "type": "file",
            "name": "api/v0/php/PHPMailer/language/phpmailer.lang-ko.php",
            "size": 1770,
            "hash": "a0470bc1cb8ece860d94c7a12cca39b2021679590bdbb11d1ea2d3929cc4e9be"
        },
        {
            "type": "file",
            "name": "api/v0/php/PHPMailer/language/phpmailer.lang-lt.php",
            "size": 1626,
            "hash": "a1db7f9c539722a2445bf0517b931137358126fa68d7efc57a10b987c7d66dd0"
        },
        {
            "type": "file",
            "name": "api/v0/php/PHPMailer/language/phpmailer.lang-lv.php",
            "size": 1642,
            "hash": "36f8b3f6d40b8c816b026ba22ff80425fe798f190d99e27584024e2636befcbb"
        },
        {
            "type": "file",
            "name": "api/v0/php/PHPMailer/language/phpmailer.lang-ms.php",
            "size": 1736,
            "hash": "27bafedb5b4cb688232f3b7e81e70debdb89a2296599c7452033b28dda4464d0"
        },
        {
            "type": "file",
            "name": "api/v0/php/PHPMailer/language/phpmailer.lang-nb.php",
            "size": 1549,
            "hash": "35014cec46cafc094d27e132ab61f80fc959731ca103b71db62a5fa34f1de10d"
        },
        {
            "type": "file",
            "name": "api/v0/php/PHPMailer/language/phpmailer.lang-nl.php",
            "size": 1621,
            "hash": "7f0bcb3f547aab9b49671ee3091f106223eed496f8bbb7e485e934d6592b6cb3"
        },
        {
            "type": "file",
            "name": "api/v0/php/PHPMailer/language/phpmailer.lang-pl.php",
            "size": 1816,
            "hash": "de5c7e3fe2ee946d16434188ea2cf824e0da97045887e011bf3b9a4ef54fc891"
        },
        {
            "type": "file",
            "name": "api/v0/php/PHPMailer/language/phpmailer.lang-pt.php",
            "size": 1888,
            "hash": "579e5fa323589122052714e0bd8f7a26a98432666d01885fbaf14b6cbbf108fa"
        },
        {
            "type": "file",
            "name": "api/v0/php/PHPMailer/language/phpmailer.lang-pt_br.php",
            "size": 1907,
            "hash": "9b40e312ae222b56d90c30ab75391d19baede56ed7bf28d100bc1184eb5f1bef"
        },
        {
            "type": "file",
            "name": "api/v0/php/PHPMailer/language/phpmailer.lang-ro.php",
            "size": 1752,
            "hash": "1b24ce1d439b5a5b599529267d671d865ba265fd33a94164ae9fc716ec80c1fd"
        },
        {
            "type": "file",
            "name": "api/v0/php/PHPMailer/language/phpmailer.lang-ru.php",
            "size": 2279,
            "hash": "a31c65cb032b29f4e2259336af2e58b075a8e3bd9172afd8a77780c554f00975"
        },
        {
            "type": "file",
            "name": "api/v0/php/PHPMailer/language/phpmailer.lang-sk.php",
            "size": 1709,
            "hash": "9f16190c284128e20abd10bebc0afd6388cbcd2a48f028c9063119508dedb20d"
        },
        {
            "type": "file",
            "name": "api/v0/php/PHPMailer/language/phpmailer.lang-sl.php",
            "size": 1721,
            "hash": "e4ab63075f1cbd33bc0c90bec7e9d5df74ed0835275c211bd7db134965f00ba9"
        },
        {
            "type": "file",
            "name": "api/v0/php/PHPMailer/language/phpmailer.lang-sr.php",
            "size": 2281,
            "hash": "988d0fb5aab69846973892a12f51be61c85c04eb5b2be94792b1666cef024054"
        },
        {
            "type": "file",
            "name": "api/v0/php/PHPMailer/language/phpmailer.lang-sv.php",
            "size": 1611,
            "hash": "64c62f957cbf3bb47537ff702eb944d109250e7ffe880e9902da3ab771712653"
        },
        {
            "type": "file",
            "name": "api/v0/php/PHPMailer/language/phpmailer.lang-tr.php",
            "size": 1745,
            "hash": "8ec9e69d50fd9d1dbf26fd293b6debb60175968d70c7a61c4aa57cc874cb6e85"
        },
        {
            "type": "file",
            "name": "api/v0/php/PHPMailer/language/phpmailer.lang-uk.php",
            "size": 2280,
            "hash": "b6f2332faec988863820eac9ec7028c04c553ef7a333b482e70ac60a6524402b"
        },
        {
            "type": "file",
            "name": "api/v0/php/PHPMailer/language/phpmailer.lang-vi.php",
            "size": 1792,
            "hash": "5085676c2b2fe68038e1fe0cd0e57bf808a09682cf09d9ccf7362be607a0fa63"
        },
        {
            "type": "file",
            "name": "api/v0/php/PHPMailer/language/phpmailer.lang-zh.php",
            "size": 1668,
            "hash": "c780822b176a64a03fa6386f8ea1e73dbcc5bceaf6befc663bc662ee989f99e5"
        },
        {
            "type": "file",
            "name": "api/v0/php/PHPMailer/language/phpmailer.lang-zh_cn.php",
            "size": 1612,
            "hash": "c5751d50f9d228e72c2e0957243943f2b6baa92e1b217498998301fc74da4e91"
        },
        {
            "type": "file",
            "name": "api/v0/php/PHPMailer/examples/images/phpmailer.png",
            "size": 5831,
            "hash": "6dce87c35df4ae42d5857671663676391f33e1b61dcfecc7851fd91b23ff629a"
        },
        {
            "type": "file",
            "name": "api/v0/php/PHPMailer/examples/images/phpmailer_mini.png",
            "size": 1842,
            "hash": "08b000251387bde7187ce99ab3fac5ace33ea51443e51333833ebbafedd292ac"
        },
        {
            "type": "file",
            "name": "api/v0/php/PHPMailer/examples/scripts/XRegExp.js",
            "size": 29441,
            "hash": "235599d4a880b33b5c35911776f94aa2ff06c0011c8e7c78490a5b59171f1a2d"
        },
        {
            "type": "file",
            "name": "api/v0/php/PHPMailer/examples/scripts/shAutoloader.js",
            "size": 2490,
            "hash": "24c0f92f62b00f6a8a72aeaff24b40d1d89f74adf273e78ca9afca861f778b15"
        },
        {
            "type": "file",
            "name": "api/v0/php/PHPMailer/examples/scripts/shBrushPhp.js",
            "size": 4906,
            "hash": "5f26f9f8952ae6542ecb40ee10990b73962c9efae09f266d0a6c9ec869006823"
        },
        {
            "type": "file",
            "name": "api/v0/php/PHPMailer/examples/scripts/shCore.js",
            "size": 20376,
            "hash": "02dac3b85b44a6b4734725275d7c565317375194e7f48a4d47a70253ac435892"
        },
        {
            "type": "file",
            "name": "api/v0/php/PHPMailer/examples/scripts/shLegacy.js",
            "size": 3276,
            "hash": "073dc8d7a2db8f5f5a77a3a311ceb04484bf40009c1a2bab121d74c314e56fc1"
        },
        {
            "type": "file",
            "name": "api/v0/php/PHPMailer/examples/styles/shCore.css",
            "size": 5292,
            "hash": "fba45531971618a179c726732ac159290a1c0b7a3ecbe2587885a57e86648b22"
        },
        {
            "type": "file",
            "name": "api/v0/php/PHPMailer/examples/styles/shCoreDefault.css",
            "size": 7569,
            "hash": "56c68ed2431ebf88dba7243ec450d9c1e8da90e23baa1af0da6b0920153f82ea"
        },
        {
            "type": "file",
            "name": "api/v0/php/PHPMailer/examples/styles/shCoreDjango.css",
            "size": 7664,
            "hash": "8bb57a03e2a608f872209df74af002ca01aea35a5fe80bb72c5710b887a93018"
        },
        {
            "type": "file",
            "name": "api/v0/php/PHPMailer/examples/styles/shCoreEclipse.css",
            "size": 7858,
            "hash": "83da68528d361e56eb00d8635a2bfbda3b2bbc4e6c9b5eef5a2af01128d78fc8"
        },
        {
            "type": "file",
            "name": "api/v0/php/PHPMailer/examples/styles/shCoreEmacs.css",
            "size": 7534,
            "hash": "cb1b23e31a671feb4c6be7578ab32c2bfbb78ea1350437fe26b91621c650f7cb"
        },
        {
            "type": "file",
            "name": "api/v0/php/PHPMailer/examples/styles/shCoreFadeToGrey.css",
            "size": 7604,
            "hash": "677cf1dc0819856846f7877be4b426cb4ce7bd625806c4634089b1919c1589b8"
        },
        {
            "type": "file",
            "name": "api/v0/php/PHPMailer/examples/styles/shCoreMDUltra.css",
            "size": 7531,
            "hash": "d6680727baae1c00e67e5f74d48d6ac4cf7ebc4692b8043cf3cd8600692167f9"
        },
        {
            "type": "file",
            "name": "api/v0/php/PHPMailer/examples/styles/shCoreMidnight.css",
            "size": 7552,
            "hash": "984280dcd56a4a1133677e02ec4d4990a9094d31fc8734496038f96f7901728a"
        },
        {
            "type": "file",
            "name": "api/v0/php/PHPMailer/examples/styles/shCoreRDark.css",
            "size": 7548,
            "hash": "591b550eabb5e5d7c1b901e35b301d74fc6ebf45ae3d88f5629ff65f1c990c34"
        },
        {
            "type": "file",
            "name": "api/v0/php/PHPMailer/examples/styles/shThemeAppleScript.css",
            "size": 1812,
            "hash": "f0c8712f98482be2c00daa078b0f17922ec073ee7d3541828b4e23ebc32937df"
        },
        {
            "type": "file",
            "name": "api/v0/php/PHPMailer/examples/styles/shThemeDefault.css",
            "size": 2277,
            "hash": "7c7f209b2ea3e7b65ffc48ef1dc6a92ce5a7460fb9fe3f4c3cb24097c2b0c8ba"
        },
        {
            "type": "file",
            "name": "api/v0/php/PHPMailer/examples/styles/shThemeDjango.css",
            "size": 2372,
            "hash": "2a2d3b0e489f26a8df92cd95222d6e7eac8827eb881ce17d3aa2c47f20655a40"
        },
        {
            "type": "file",
            "name": "api/v0/php/PHPMailer/examples/styles/shThemeEclipse.css",
            "size": 2566,
            "hash": "e0333973cb776c756bca9ecf60870ac790206911177bf443721e606a60cbedb8"
        },
        {
            "type": "file",
            "name": "api/v0/php/PHPMailer/examples/styles/shThemeEmacs.css",
            "size": 2242,
            "hash": "202d8d50f96dbc04b548bc3a214cd1a9156b95f27bb2642add330e25f4c526fc"
        },
        {
            "type": "file",
            "name": "api/v0/php/PHPMailer/examples/styles/shThemeFadeToGrey.css",
            "size": 2312,
            "hash": "d06e3a6beff0a42e0e917c1edd4db98c54482bcb63470437747cc6b97dbba1a9"
        },
        {
            "type": "file",
            "name": "api/v0/php/PHPMailer/examples/styles/shThemeMDUltra.css",
            "size": 2239,
            "hash": "06df970fc06622ed936a57bb85b178d5ab1c31b3cf8872d320fa82dd7c7892bf"
        },
        {
            "type": "file",
            "name": "api/v0/php/PHPMailer/examples/styles/shThemeMidnight.css",
            "size": 2260,
            "hash": "d544263047241aa0fdb9b96ab2e80591c1f1c40ebd38bf87f33b4373225728e2"
        },
        {
            "type": "file",
            "name": "api/v0/php/PHPMailer/examples/styles/shThemeRDark.css",
            "size": 2256,
            "hash": "6d0ca4948dce193ca156c1ef04e692b6bab7c57e0d16c6c29f25d1bc7773a200"
        },
        {
            "type": "file",
            "name": "api/v0/php/PHPMailer/examples/styles/shThemeVisualStudio.css",
            "size": 2280,
            "hash": "d092fcd75b34a9056f235d5e008f8bc6ef51eced3044736e94095865be80af6d"
        },
        {
            "type": "file",
            "name": "api/v0/php/PHPMailer/examples/styles/wrapping.png",
            "size": 631,
            "hash": "e65ff33d80110401713ce6b9501e42458e2ee8739a4f4b7c1270f6e690d4af63"
        }
    ]
}